geoid,name,B19001001,"B19001001, Error",B19001002,"B19001002, Error",B19001003,"B19001003, Error",B19001004,"B19001004, Error",B19001005,"B19001005, Error",B19001006,"B19001006, Error",B19001007,"B19001007, Error",B19001008,"B19001008, Error",B19001009,"B19001009, Error",B19001010,"B19001010, Error",B19001011,"B19001011, Error",B19001012,"B19001012, Error",B19001013,"B19001013, Error",B19001014,"B19001014, Error",B19001015,"B19001015, Error",B19001016,"B19001016, Error",B19001017,"B19001017, Error"
86000US10001,"10001",13311,688,896,249,583,195,335,187,338,237,194,116,430,180,237,125,384,176,205,148,718,222,1010,304,1483,321,942,223,923,245,1232,263,3401,444
86000US10002,"10002",33790,1063,5141,852,3955,525,2555,481,1805,339,1686,484,1512,384,1351,465,1066,260,857,249,1536,341,2200,370,3006,486,2072,380,1079,247,1464,280,2505,277
86000US10003,"10003",25158,951,1509,411,452,231,529,187,552,200,406,164,630,262,758,354,387,190,577,366,1265,354,1717,414,1816,364,1506,345,1881,454,2806,421,8367,899
86000US10004,"10004",1822,352,43,26,0,12,10,16,0,12,0,12,21,25,3,4,0,12,11,13,17,21,61,38,89,111,170,113,147,90,281,119,969,293
86000US10005,"10005",4649,476,141,114,0,17,62,69,10,10,0,17,61,97,10,17,90,81,18,24,49,50,274,158,225,146,467,265,157,110,1149,354,1936,364
86000US10006,"10006",1811,290,88,110,8,15,0,12,12,19,57,63,0,12,58,71,41,52,0,12,45,46,32,41,148,85,129,86,38,36,372,147,783,240
86000US10007,"10007",2940,420,35,29,46,53,0,17,0,17,55,64,36,44,0,17,8,15,39,42,34,40,0,17,169,122,141,105,76,80,486,307,1815,362
86000US10009,"10009",29356,1180,3831,665,2259,531,996,284,1154,308,574,190,717,279,755,276,701,273,918,318,1453,352,1907,547,2995,648,2369,516,1863,492,1979,406,4885,793
86000US10010,"10010",16499,981,721,352,627,308,230,176,562,355,439,223,204,120,319,194,515,309,241,126,223,131,714,300,1635,410,978,299,1099,337,2349,715,5643,615
86000US10011,"10011",28775,1276,1515,382,1199,511,652,232,557,247,603,265,553,324,683,232,660,453,454,315,936,300,1215,380,2150,427,2320,501,1946,444,3475,696,9857,733
86000US10012,"10012",12574,700,1113,405,231,107,372,166,217,104,162,99,279,205,261,150,178,94,89,69,840,333,1023,273,812,227,1421,436,912,270,1060,263,3604,463
86000US10013,"10013",12294,910,467,173,663,216,448,203,232,110,322,156,294,150,127,76,215,94,429,279,250,115,554,151,906,272,1015,222,623,200,1216,447,4533,642
86000US10014,"10014",17139,939,637,246,364,141,217,105,393,165,353,160,404,226,293,141,234,120,372,192,418,191,884,346,1760,349,1680,373,1494,538,1521,298,6115,595
86000US10016,"10016",29005,1439,1143,368,1233,381,664,245,492,216,724,257,954,563,493,265,653,267,317,253,890,276,1405,304,2583,543,2981,606,1992,406,3321,478,9160,992
86000US10017,"10017",9858,859,390,229,161,134,170,139,213,156,424,330,231,213,46,44,271,240,162,126,486,213,638,199,850,340,537,232,1111,353,1601,443,2567,539
86000US10018,"10018",4321,380,237,114,158,105,137,93,67,63,60,48,100,53,40,38,93,70,138,105,62,41,224,120,280,148,496,169,286,113,508,174,1435,272
86000US10019,"10019",27340,1460,2146,613,1141,499,1247,657,1165,389,664,326,379,174,569,298,1157,672,628,333,713,294,1410,398,2126,438,2303,516,1376,382,2940,546,7376,888
86000US10020,"10020",0,12,0,12,0,12,0,12,0,12,0,12,0,12,0,12,0,12,0,12,0,12,0,12,0,12,0,12,0,12,0,12,0,12
86000US10021,"10021",22084,1280,1443,615,179,125,301,206,464,255,239,180,482,257,403,325,209,178,305,169,878,370,2182,509,1879,445,1680,394,1319,444,2495,549,7626,915
86000US10022,"10022",17977,1241,622,260,161,103,599,502,209,140,360,209,526,384,210,143,200,182,257,160,640,243,1124,435,1382,388,1641,403,1367,518,1891,501,6788,819
86000US10023,"10023",33770,1515,1577,421,877,387,749,298,656,261,812,375,685,260,567,305,448,276,248,109,1214,576,1812,520,2830,536,2848,582,2711,763,3883,781,11853,933
86000US10024,"10024",28850,1580,1494,495,801,281,416,196,491,270,293,162,653,292,560,355,489,207,464,206,1124,438,1425,380,2376,368,2859,826,1717,314,3142,819,10546,677
86000US10025,"10025",40188,1492,3839,654,1799,429,1503,425,1176,306,1159,386,940,374,631,216,932,300,781,344,1455,377,2220,450,3818,736,3503,701,2084,523,3321,513,11027,1150
86000US10026,"10026",15362,771,1686,269,1081,268,695,264,256,118,507,284,702,250,533,248,439,187,615,222,805,271,925,245,1705,349,1065,242,1130,358,1085,252,2133,299
86000US10027,"10027",23835,951,3095,450,1754,373,1157,281,789,304,599,229,951,259,932,280,998,291,713,250,1308,340,1997,387,2006,347,1833,395,1538,477,1509,343,2656,425
86000US10028,"10028",24974,1461,838,270,709,508,442,279,253,133,483,283,369,181,583,485,274,145,233,137,1180,458,1427,458,2379,464,3030,635,1531,340,2855,589,8388,1153
86000US10029,"10029",31485,1385,5914,1016,3050,458,2542,487,1914,444,1056,263,1573,330,936,273,1019,281,948,252,2211,398,2077,355,2747,444,1285,234,944,262,1523,341,1746,276
86000US10030,"10030",12817,760,1527,383,1239,363,992,321,552,204,537,189,659,308,450,182,401,171,502,196,794,249,1017,266,1296,342,866,246,533,207,652,210,800,205
86000US10031,"10031",21863,866,1922,396,1434,309,1283,415,1064,294,1229,467,820,251,500,189,984,247,828,269,1480,339,1666,357,2626,455,1601,318,1318,304,1362,292,1746,382
86000US10032,"10032",21814,1150,1776,430,1866,533,1437,395,631,218,721,228,1075,363,878,347,1017,614,879,382,1580,360,2351,480,2599,537,1751,380,1225,300,1104,364,924,345
86000US10033,"10033",19689,782,1594,365,1031,280,899,279,867,277,739,231,724,209,597,204,468,187,442,209,1553,363,1754,354,2830,531,1999,336,1226,269,1651,318,1315,286
86000US10034,"10034",15774,637,1202,244,1060,259,923,283,442,144,507,238,649,185,534,188,605,214,576,237,1021,258,1521,460,2465,403,1268,314,1118,318,1013,274,870,201
86000US10035,"10035",14740,716,3528,568,1597,316,1214,346,655,220,504,177,432,159,512,181,584,193,301,215,650,246,1068,255,1061,248,833,248,458,159,647,194,696,178
86000US10036,"10036",17437,1131,1521,408,509,197,802,573,378,150,515,197,443,186,562,218,435,214,378,281,732,301,722,255,1882,610,1553,427,1255,337,2068,462,3682,578
86000US10037,"10037",9797,689,1287,317,1036,321,475,214,433,181,371,134,410,168,338,174,238,148,220,138,864,239,895,245,923,275,766,243,652,230,572,208,317,133
86000US10038,"10038",10800,754,1282,574,561,189,475,134,306,121,359,143,229,119,283,129,339,200,60,46,255,121,437,143,886,227,590,214,794,209,906,273,3038,495
86000US10039,"10039",11490,686,1340,288,1026,267,661,290,741,289,580,194,747,255,523,236,304,129,301,134,1126,293,1069,342,1391,407,443,149,361,171,560,209,317,105
86000US10040,"10040",16100,659,1668,422,1148,457,824,254,708,191,642,283,812,267,742,201,615,232,558,184,1045,232,1461,307,1893,381,1442,294,946,210,743,177,853,213
86000US10044,"10044",5047,411,281,153,60,58,111,129,51,83,126,104,119,148,99,74,136,139,181,110,187,119,228,116,667,191,525,166,531,239,405,153,1340,307
86000US10065,"10065",15708,929,478,187,491,347,315,233,162,114,123,91,186,118,272,145,333,205,396,342,582,228,709,247,998,293,1273,360,1386,399,1622,372,6382,623
86000US10069,"10069",3106,572,548,399,119,118,59,95,35,44,68,61,69,113,50,59,65,65,26,43,89,116,0,17,237,169,170,136,120,94,230,124,1221,353
86000US10075,"10075",12075,1035,561,407,396,253,439,454,330,239,230,209,459,364,69,91,271,267,363,109,479,273,759,346,930,355,812,442,1342,595,1340,483,3295,768
86000US10103,"10103",0,12,0,12,0,12,0,12,0,12,0,12,0,12,0,12,0,12,0,12,0,12,0,12,0,12,0,12,0,12,0,12,0,12
86000US10110,"10110",0,12,0,12,0,12,0,12,0,12,0,12,0,12,0,12,0,12,0,12,0,12,0,12,0,12,0,12,0,12,0,12,0,12
86000US10111,"10111",0,12,0,12,0,12,0,12,0,12,0,12,0,12,0,12,0,12,0,12,0,12,0,12,0,12,0,12,0,12,0,12,0,12
86000US10112,"10112",0,12,0,12,0,12,0,12,0,12,0,12,0,12,0,12,0,12,0,12,0,12,0,12,0,12,0,12,0,12,0,12,0,12
86000US10115,"10115",0,12,0,12,0,12,0,12,0,12,0,12,0,12,0,12,0,12,0,12,0,12,0,12,0,12,0,12,0,12,0,12,0,12
86000US10119,"10119",0,12,0,12,0,12,0,12,0,12,0,12,0,12,0,12,0,12,0,12,0,12,0,12,0,12,0,12,0,12,0,12,0,12
86000US10128,"10128",29698,1175,1531,442,875,465,710,272,717,271,803,445,568,320,380,167,418,175,511,329,945,335,2268,564,3174,665,2565,607,2085,417,3036,431,9112,839
86000US10152,"10152",0,12,0,12,0,12,0,12,0,12,0,12,0,12,0,12,0,12,0,12,0,12,0,12,0,12,0,12,0,12,0,12,0,12
86000US10153,"10153",0,12,0,12,0,12,0,12,0,12,0,12,0,12,0,12,0,12,0,12,0,12,0,12,0,12,0,12,0,12,0,12,0,12
86000US10154,"10154",0,12,0,12,0,12,0,12,0,12,0,12,0,12,0,12,0,12,0,12,0,12,0,12,0,12,0,12,0,12,0,12,0,12
86000US10162,"10162",622,290,0,12,0,12,159,259,28,48,0,12,0,12,0,12,0,12,0,12,0,12,56,94,99,134,55,67,0,12,89,85,136,98
86000US10165,"10165",0,12,0,12,0,12,0,12,0,12,0,12,0,12,0,12,0,12,0,12,0,12,0,12,0,12,0,12,0,12,0,12,0,12
86000US10167,"10167",0,12,0,12,0,12,0,12,0,12,0,12,0,12,0,12,0,12,0,12,0,12,0,12,0,12,0,12,0,12,0,12,0,12
86000US10168,"10168",0,12,0,12,0,12,0,12,0,12,0,12,0,12,0,12,0,12,0,12,0,12,0,12,0,12,0,12,0,12,0,12,0,12
86000US10169,"10169",0,12,0,12,0,12,0,12,0,12,0,12,0,12,0,12,0,12,0,12,0,12,0,12,0,12,0,12,0,12,0,12,0,12
86000US10170,"10170",0,12,0,12,0,12,0,12,0,12,0,12,0,12,0,12,0,12,0,12,0,12,0,12,0,12,0,12,0,12,0,12,0,12
86000US10171,"10171",0,12,0,12,0,12,0,12,0,12,0,12,0,12,0,12,0,12,0,12,0,12,0,12,0,12,0,12,0,12,0,12,0,12
86000US10172,"10172",0,12,0,12,0,12,0,12,0,12,0,12,0,12,0,12,0,12,0,12,0,12,0,12,0,12,0,12,0,12,0,12,0,12
86000US10173,"10173",0,12,0,12,0,12,0,12,0,12,0,12,0,12,0,12,0,12,0,12,0,12,0,12,0,12,0,12,0,12,0,12,0,12
86000US10174,"10174",0,12,0,12,0,12,0,12,0,12,0,12,0,12,0,12,0,12,0,12,0,12,0,12,0,12,0,12,0,12,0,12,0,12
86000US10177,"10177",0,12,0,12,0,12,0,12,0,12,0,12,0,12,0,12,0,12,0,12,0,12,0,12,0,12,0,12,0,12,0,12,0,12
86000US10199,"10199",0,12,0,12,0,12,0,12,0,12,0,12,0,12,0,12,0,12,0,12,0,12,0,12,0,12,0,12,0,12,0,12,0,12
86000US10271,"10271",0,12,0,12,0,12,0,12,0,12,0,12,0,12,0,12,0,12,0,12,0,12,0,12,0,12,0,12,0,12,0,12,0,12
86000US10278,"10278",0,12,0,12,0,12,0,12,0,12,0,12,0,12,0,12,0,12,0,12,0,12,0,12,0,12,0,12,0,12,0,12,0,12
86000US10279,"10279",40,64,0,12,0,12,0,12,0,12,0,12,0,12,0,12,0,12,0,12,0,12,0,12,0,12,0,12,0,12,0,12,40,64
86000US10280,"10280",4524,644,137,105,92,94,30,34,0,17,17,27,45,50,35,42,19,30,0,17,28,35,269,147,521,266,322,147,289,194,786,376,1934,449
86000US10282,"10282",2499,428,49,62,23,19,30,51,32,50,0,17,21,33,37,45,12,19,0,17,0,17,82,106,73,68,162,113,165,220,83,66,1730,358
86000US10301,"10301",14466,709,1756,311,548,176,420,173,645,256,360,115,483,150,376,132,661,205,491,151,877,260,1074,226,1823,314,1012,187,937,226,1397,211,1606,237
86000US10302,"10302",5982,519,581,237,184,71,210,91,205,97,128,73,253,88,86,52,288,216,93,48,609,223,393,124,671,179,671,191,571,159,613,203,426,165
86000US10303,"10303",8490,555,934,208,432,182,216,88,245,120,215,106,153,75,177,99,245,139,271,110,819,243,691,201,928,237,653,173,991,289,1027,232,493,192
86000US10304,"10304",14928,823,1693,402,725,250,447,210,496,146,435,211,470,249,633,273,345,144,903,420,821,250,1241,333,1612,468,1721,364,860,221,998,232,1528,357
86000US10305,"10305",15379,739,672,192,584,226,607,209,468,204,485,163,672,234,717,231,374,114,268,102,1052,328,1559,505,1943,401,1547,383,1359,292,1650,310,1422,269
86000US10306,"10306",19704,754,627,164,983,230,579,159,815,257,710,193,820,286,315,131,663,189,372,129,1524,336,1582,419,2455,400,2527,488,1339,331,1960,345,2433,322
86000US10307,"10307",5068,312,111,78,101,84,62,47,168,85,168,108,171,105,110,110,173,116,262,127,216,126,404,195,399,136,716,248,365,137,596,215,1046,237
86000US10308,"10308",10245,673,288,187,260,159,183,110,134,84,242,135,175,87,114,74,194,135,131,80,480,186,821,228,1475,350,1320,269,1285,350,1611,364,1532,261
86000US10309,"10309",11750,760,483,243,637,483,336,167,376,188,333,140,66,67,107,103,314,123,328,210,805,347,780,326,1087,239,1082,289,1069,373,1894,319,2053,387
86000US10310,"10310",8678,457,852,222,225,87,338,152,345,142,92,54,200,99,230,127,158,76,307,111,482,125,583,119,1031,255,1160,211,599,144,1280,336,796,211
86000US10311,"10311",0,12,0,12,0,12,0,12,0,12,0,12,0,12,0,12,0,12,0,12,0,12,0,12,0,12,0,12,0,12,0,12,0,12
86000US10312,"10312",21107,863,816,263,492,232,419,137,360,114,436,168,622,180,808,246,751,266,549,196,1240,330,1743,360,2683,535,2160,334,2017,402,2963,413,3048,360
86000US10314,"10314",31363,1003,1416,330,932,264,923,196,954,357,1136,228,971,251,1367,384,992,214,584,168,1852,425,2152,352,3655,467,3591,461,2877,409,3568,475,4393,484
86000US10451,"10451",20229,923,3558,495,2432,423,1326,306,1156,302,1020,310,1103,241,913,259,1157,309,901,272,1178,355,1344,383,1559,318,834,249,563,201,563,204,622,294
86000US10452,"10452",27018,1065,4544,619,2745,577,2293,457,1919,404,1588,291,1751,392,1511,416,1647,415,1049,262,1988,450,1949,409,2080,430,1099,212,377,136,277,144,201,117
86000US10453,"10453",27401,1081,4651,580,3155,556,2446,513,1759,281,1179,358,1337,302,1234,285,1479,349,1108,247,1801,372,2287,351,2297,345,1270,354,475,157,649,218,274,183
86000US10454,"10454",13573,669,3031,401,2316,532,939,251,720,216,634,210,639,181,723,360,708,195,429,155,660,230,602,193,882,235,503,209,271,136,184,88,332,190
86000US10455,"10455",14826,900,2490,415,2040,569,1332,375,677,203,993,377,978,265,582,248,780,256,440,171,636,166,1032,226,1423,391,555,181,486,215,200,125,182,112
86000US10456,"10456",31449,1498,5407,653,3598,821,2630,355,2201,414,1274,303,1636,370,1578,471,1740,518,1422,398,2328,423,2540,616,2435,518,1238,296,628,206,449,139,345,166
86000US10457,"10457",24333,1098,4279,530,2924,501,1783,345,1282,272,1112,236,1405,342,831,249,1117,251,1290,394,1382,270,2403,363,1929,380,1190,284,549,177,562,240,295,133
86000US10458,"10458",28705,1082,3910,612,3213,639,1953,457,1495,359,1311,309,1547,388,1354,295,1432,297,1636,351,3007,463,2051,334,2881,484,1298,325,649,204,650,231,318,161
86000US10459,"10459",17058,760,2796,368,1909,315,1333,338,1172,250,999,371,939,237,848,200,690,207,501,153,1214,351,1188,314,1609,362,767,186,381,163,351,169,361,180
86000US10460,"10460",20212,766,3189,446,2427,406,2041,418,1410,324,1262,259,986,257,1005,258,705,203,551,215,1272,241,1458,364,1397,287,1017,316,562,191,490,173,440,168
86000US10461,"10461",19122,723,1205,267,1066,281,1047,326,729,230,761,221,863,282,741,217,746,213,770,222,1565,394,1754,297,2474,341,1945,269,1103,252,1251,262,1102,328
86000US10462,"10462",28981,952,2408,334,1485,319,1438,300,1250,265,1041,221,1107,245,1105,247,1032,278,1422,328,3024,429,3051,372,3842,399,3330,678,1224,207,1227,273,995,238
86000US10463,"10463",29490,1121,1955,350,2123,688,1963,491,1493,327,1156,324,785,215,1194,310,972,317,1160,346,1858,270,2679,427,3152,432,2658,404,1683,383,2410,427,2249,307
86000US10464,"10464",1874,235,29,35,41,48,20,36,57,75,88,93,144,126,0,12,78,92,91,80,84,75,127,103,154,80,194,114,99,76,434,248,234,95
86000US10465,"10465",16122,741,1360,377,998,217,622,152,884,264,453,137,297,111,399,173,487,170,414,142,838,173,1316,290,1809,293,1456,267,1481,425,1731,306,1577,244
86000US10466,"10466",25009,1032,2679,611,1752,450,1115,295,1028,275,864,244,1120,287,881,365,825,303,1103,416,1380,302,2567,434,2806,496,2431,317,1559,289,1359,251,1540,421
86000US10467,"10467",37713,1103,4228,554,3480,578,2146,405,2180,503,2178,439,1994,374,2322,394,1951,365,1566,382,2595,462,3707,423,3644,541,2635,478,1404,322,1075,259,608,191
86000US10468,"10468",26917,1296,3768,536,2209,400,2187,575,1960,354,1512,485,1013,238,1505,291,1035,348,1200,333,2445,561,2266,460,2496,415,1122,289,1297,645,490,174,412,135
86000US10469,"10469",22886,893,1633,340,901,252,1298,488,1016,239,1019,310,902,301,871,212,671,178,566,163,1331,273,2474,438,2894,472,2063,451,1549,341,2101,372,1597,311
86000US10470,"10470",6096,424,374,129,183,69,196,83,231,94,366,161,199,86,149,79,210,101,229,95,738,307,626,151,794,172,515,136,441,199,413,145,432,115
86000US10471,"10471",8714,475,448,162,259,131,226,84,311,101,187,96,277,92,515,296,152,84,65,43,477,164,496,123,1156,234,1200,199,589,206,967,290,1389,203
86000US10472,"10472",22221,814,3521,384,2060,353,1457,330,1360,346,1187,315,1241,279,1305,253,665,166,725,202,1410,322,1954,427,1890,323,1169,256,816,246,917,217,544,196
86000US10473,"10473",21940,1078,2816,603,1512,316,1581,385,1138,301,900,255,908,260,915,344,735,215,784,268,1322,300,2115,454,2273,438,2442,666,1009,330,874,201,616,167
86000US10474,"10474",3506,367,552,169,484,160,328,108,290,110,142,105,72,95,223,111,208,136,180,166,221,82,167,106,366,256,78,62,48,47,118,79,29,41
86000US10475,"10475",18653,1081,974,389,825,374,1087,517,874,364,1205,699,1424,535,864,390,902,459,509,257,1625,508,1914,529,2837,736,1644,610,1016,367,783,317,170,169
86000US10550,"10550",14488,751,1701,373,998,433,584,218,938,264,780,366,970,285,790,340,673,245,508,177,913,219,1071,235,1648,339,1028,222,809,302,462,137,615,233
86000US10803,"10803",4044,199,93,50,11,17,69,60,45,38,67,35,72,59,83,56,50,37,65,52,149,97,202,88,338,111,278,91,249,81,622,168,1651,187
86000US11001,"11001",8733,434,158,56,114,52,216,99,168,88,146,69,92,47,198,83,174,86,84,40,416,124,565,141,1012,167,1025,298,877,169,1337,219,2151,256
86000US11004,"11004",4808,314,158,86,129,100,41,43,100,67,115,114,255,159,135,94,112,80,115,78,250,131,362,132,682,197,594,153,375,169,760,215,625,183
86000US11005,"11005",1609,457,60,39,142,206,53,42,0,12,43,38,94,100,22,25,0,12,29,32,268,208,84,53,143,88,99,103,96,71,114,75,362,378
86000US11040,"11040",13078,508,285,134,98,44,191,95,291,130,389,148,165,88,237,93,284,112,228,88,585,192,616,165,1533,239,1227,275,1251,225,2193,286,3505,352
86000US11101,"11101",14951,938,1228,673,879,223,573,212,454,150,334,141,574,367,351,156,437,175,482,175,640,187,739,234,1424,318,1324,251,1158,306,1629,317,2725,426
86000US11102,"11102",12960,581,702,216,790,256,485,175,508,167,392,131,316,114,440,146,345,103,317,103,719,160,1061,200,1523,277,1220,219,1378,210,1400,235,1364,287
86000US11103,"11103",15575,646,689,157,456,107,514,118,609,144,547,176,321,91,462,123,481,150,460,136,1133,299,1413,213,2410,296,2206,355,1277,206,1494,248,1103,172
86000US11104,"11104",11281,504,478,158,329,133,417,146,372,137,308,122,559,144,448,155,530,150,364,148,693,169,1065,215,1650,293,1254,208,802,194,955,190,1057,245
86000US11105,"11105",15274,575,650,171,360,110,376,121,564,174,599,146,554,154,348,114,431,132,267,93,971,259,1614,226,1993,258,1841,250,1471,256,1649,235,1586,243
86000US11106,"11106",16975,747,1009,191,863,245,679,207,574,138,552,184,658,149,340,124,573,169,677,245,1194,278,1633,329,2001,317,1725,332,1346,358,1565,298,1586,333
86000US11109,"11109",2777,378,11,18,0,17,0,17,0,17,116,139,77,61,0,17,21,33,0,17,65,70,113,94,229,137,301,133,250,111,405,188,1189,324
86000US11201,"11201",29262,817,2059,315,517,141,835,230,462,174,456,151,794,229,483,124,453,153,361,122,861,242,1260,242,2401,345,2346,357,2481,510,3758,512,9735,578
86000US11203,"11203",29249,916,2139,299,1366,324,1211,225,1195,230,1617,398,1609,295,1104,243,1518,254,1040,194,2185,293,2691,356,3522,462,2851,395,1772,275,2136,359,1293,304
86000US11204,"11204",23520,743,1286,233,1521,260,1293,254,1434,242,1270,240,1156,178,1137,246,1001,240,882,198,1489,245,1864,336,3140,405,1898,308,1418,198,1443,245,1288,186
86000US11205,"11205",16779,767,1722,338,920,199,784,208,750,203,578,267,572,149,608,193,682,194,356,169,1018,253,1544,471,1474,236,1222,237,880,254,1460,311,2209,332
86000US11206,"11206",31489,958,3842,566,2866,492,2133,475,1633,342,1486,302,1681,395,1484,346,1107,209,826,225,1563,361,2543,433,3082,490,2133,301,1132,279,2078,364,1900,280
86000US11207,"11207",34010,1096,5967,706,2242,387,1855,303,1932,369,1730,356,1342,281,1318,245,1500,314,1177,259,2364,355,2962,396,3845,559,1650,342,1533,316,1514,241,1079,184
86000US11208,"11208",34368,1290,5184,538,1822,401,1648,357,1719,319,1878,490,1728,397,1383,262,1601,364,1233,224,2156,435,3272,632,4097,647,2432,433,1558,310,1161,258,1496,344
86000US11209,"11209",29186,936,1554,309,1264,289,1034,215,1003,211,972,283,1134,278,740,187,907,225,932,281,1749,284,2637,357,3407,317,2963,426,2321,321,2609,329,3960,342
86000US11210,"11210",21851,776,1192,314,689,165,928,246,566,168,788,266,550,152,852,210,879,220,873,261,1941,322,2377,348,2731,353,2409,433,1293,164,1747,339,2036,247
86000US11211,"11211",40821,1228,2364,359,2413,442,2003,378,1625,380,1380,310,1218,258,1121,238,1017,284,1088,267,1706,324,2264,426,3637,451,3570,472,2623,408,4993,820,7799,536
86000US11212,"11212",31207,1141,7681,990,2584,450,2245,413,1531,301,1746,322,1451,326,1229,302,1348,268,1336,360,2001,484,2352,426,1918,320,1585,426,996,267,623,200,581,177
86000US11213,"11213",26377,1048,2861,436,1986,425,1230,258,1995,378,974,292,1134,270,1131,289,1173,314,1010,234,1374,295,1990,341,2981,618,2021,371,1351,465,1822,300,1344,267
86000US11214,"11214",31717,849,1680,294,2123,383,1868,325,1578,293,1235,218,1303,220,1621,241,1455,321,1193,303,2371,350,2251,354,4047,462,2763,397,1909,314,2238,322,2082,287
86000US11215,"11215",28714,1057,1095,261,463,144,667,206,648,329,292,106,349,111,380,125,595,234,325,112,1085,290,1205,232,2770,410,2549,360,2566,366,4444,715,9281,570
86000US11216,"11216",25771,935,1965,375,1300,235,1054,263,694,187,766,205,543,180,656,259,1134,291,657,244,1378,261,2432,386,3159,369,2323,352,1688,306,2505,402,3517,420
86000US11217,"11217",18627,777,1448,293,399,144,440,146,614,233,402,153,532,176,321,141,469,160,310,106,612,169,866,233,1753,365,1283,259,1379,223,2214,275,5585,489
86000US11218,"11218",25219,1012,857,166,1205,329,946,200,1187,397,1127,242,769,197,929,251,559,180,780,188,1955,394,1943,325,3141,456,2575,371,1760,276,2299,289,3187,482
86000US11219,"11219",23871,911,1454,227,2202,429,1795,358,1799,291,1332,255,1750,324,1148,231,1054,235,828,197,1535,329,2147,396,2379,341,1585,319,1090,308,898,208,875,187
86000US11220,"11220",27849,888,1681,273,1638,306,1345,268,1886,367,1439,269,1027,197,1532,305,1055,230,890,216,2542,354,2505,348,3703,448,2168,333,1334,273,1666,240,1438,208
86000US11221,"11221",33067,1218,3470,504,2353,507,1461,405,1384,289,847,253,1114,210,857,212,950,220,856,190,2176,382,2579,389,4568,648,3451,497,2228,373,2491,357,2282,358
86000US11222,"11222",17941,795,1074,288,606,211,384,120,533,175,491,211,530,177,492,173,432,183,299,131,839,236,1445,295,2115,334,1688,281,1574,326,2163,280,3276,346
86000US11223,"11223",27709,889,2220,401,2247,390,1726,291,1496,333,1160,196,1141,242,692,144,937,200,1108,217,1394,277,2383,376,2739,342,2477,390,1744,270,1879,303,2366,370
86000US11224,"11224",19272,869,2152,405,2962,393,1612,310,992,274,888,384,881,266,1039,345,967,236,744,234,1257,298,1242,335,1154,290,945,219,537,125,869,321,1031,274
86000US11225,"11225",24177,921,1316,222,1350,352,1007,263,925,232,994,273,950,279,967,234,714,220,1489,478,1564,325,2009,447,3148,495,2535,514,1356,304,1884,358,1969,347
86000US11226,"11226",37483,1007,2737,364,2079,367,1191,241,1507,304,1343,243,2250,488,1703,335,1601,444,1232,267,2878,361,3740,476,5084,651,3403,478,1826,287,2782,520,2127,431
86000US11228,"11228",15473,576,648,194,597,141,794,280,631,161,684,151,555,217,513,136,611,164,379,109,1018,178,1214,213,1658,260,1580,247,1288,208,1579,208,1724,199
86000US11229,"11229",31099,885,1978,324,2137,405,1354,239,1431,249,1047,220,1423,260,1023,222,1234,280,944,211,1642,277,2835,434,3543,290,3149,358,2026,233,2498,337,2835,339
86000US11230,"11230",31254,917,2396,364,2750,342,1264,197,1463,317,1585,342,1261,270,1153,303,1147,225,1148,272,1840,333,3022,436,3713,489,2136,261,1784,307,2093,396,2499,326
86000US11231,"11231",15871,750,1441,280,862,239,419,150,280,123,270,102,462,180,314,132,397,145,384,256,665,247,819,258,1327,280,1030,301,856,190,2148,377,4197,480
86000US11232,"11232",8936,591,398,112,481,157,265,94,396,164,540,226,323,110,302,129,298,109,298,138,529,124,687,156,1238,311,771,146,605,209,818,189,987,349
86000US11233,"11233",31811,1176,5063,638,1870,408,1262,303,1607,314,1455,326,1319,388,1462,287,1242,359,1229,301,1705,335,2587,429,3604,432,2296,383,1589,326,1622,290,1899,293
86000US11234,"11234",32227,801,1351,273,1143,249,949,199,1262,320,1180,277,1181,257,843,174,957,209,906,201,1643,207,2653,344,4484,494,3606,358,2508,320,3697,376,3864,412
86000US11235,"11235",32492,984,2058,322,3041,429,2039,331,1576,358,1262,244,973,211,1119,224,1335,327,910,246,2556,417,2742,494,3576,490,2601,321,1787,262,2229,336,2688,382
86000US11236,"11236",34018,923,2307,380,1192,244,1127,235,1364,282,1112,207,1515,243,1050,190,1145,222,1344,253,2041,325,2998,419,4842,465,4142,379,2350,274,3060,343,2429,317
86000US11237,"11237",17383,767,1423,293,1041,219,984,236,1040,358,594,160,670,175,444,149,842,204,522,193,1421,477,1497,398,2316,403,1272,244,1098,256,1383,279,836,177
86000US11238,"11238",25443,952,1631,305,1153,282,606,218,523,193,584,171,660,216,444,170,594,192,445,153,1297,284,1546,312,3191,433,2168,291,1918,407,3113,400,5570,542
86000US11239,"11239",6771,520,742,304,1257,428,616,205,315,159,496,211,424,207,304,181,385,193,361,188,531,292,428,189,502,236,130,92,68,81,86,83,126,115
86000US11354,"11354",20115,1038,1950,374,1173,456,1469,408,1341,342,1421,351,1068,257,743,207,728,245,827,288,1169,296,2104,547,1968,381,1624,382,995,263,652,184,883,214
86000US11355,"11355",28422,1037,3147,468,1771,366,1778,414,1951,395,1469,330,1315,313,1355,316,1202,245,1455,428,1874,379,2481,405,2925,415,1799,317,1393,288,1108,214,1399,257
86000US11356,"11356",7346,497,158,73,126,82,309,133,421,155,277,131,598,210,270,131,324,149,198,116,596,173,985,279,780,219,818,221,528,266,518,145,440,149
86000US11357,"11357",14437,675,524,180,449,261,404,143,409,131,555,164,499,152,455,204,812,229,350,132,1000,279,1308,325,1952,330,1543,313,1191,246,1353,279,1633,261
86000US11358,"11358",12923,630,752,235,266,92,539,126,695,396,434,117,364,98,590,145,536,154,457,134,926,203,1157,212,1687,250,1138,187,1139,194,1041,176,1202,175
86000US11359,"11359",0,12,0,12,0,12,0,12,0,12,0,12,0,12,0,12,0,12,0,12,0,12,0,12,0,12,0,12,0,12,0,12,0,12
86000US11360,"11360",8293,563,330,114,257,138,184,86,254,121,327,124,283,137,229,90,270,134,105,43,809,299,623,162,1003,214,826,195,779,322,1110,233,904,193
86000US11361,"11361",10659,825,406,157,229,80,275,92,341,125,361,145,308,114,335,107,323,113,216,71,634,161,1336,707,1407,263,1593,294,612,127,930,161,1353,186
86000US11362,"11362",7153,539,141,90,127,87,197,95,77,69,327,173,86,52,269,108,264,141,261,132,508,191,741,248,779,204,658,159,826,214,1153,496,739,189
86000US11363,"11363",2779,256,89,53,40,39,83,42,92,68,99,82,92,65,51,34,22,19,66,56,209,80,143,84,308,192,235,92,265,140,462,140,523,122
86000US11364,"11364",13141,571,630,195,198,79,246,96,533,281,419,118,569,216,331,145,540,149,328,118,818,219,1029,247,1861,310,1600,293,1327,282,1362,260,1350,226
86000US11365,"11365",15702,1019,986,326,429,182,981,726,569,253,612,234,922,309,437,186,643,211,533,188,683,209,1448,303,2542,628,1360,310,1155,322,1443,380,959,196
86000US11366,"11366",4514,321,224,113,120,56,52,46,69,42,219,105,65,43,149,79,201,99,174,108,301,100,486,141,298,84,623,167,322,106,644,166,567,131
86000US11367,"11367",13930,576,868,243,719,182,581,153,859,250,520,182,768,323,537,208,540,209,400,155,846,222,895,184,1955,347,1006,194,1080,232,1467,308,889,288
86000US11368,"11368",28163,1041,1592,479,1276,389,1391,329,1018,274,1511,428,1398,345,1227,253,1321,286,1458,284,2563,460,2828,572,4209,479,2539,496,1543,339,1317,311,972,236
86000US11369,"11369",9566,550,552,163,296,97,307,101,417,140,468,144,415,152,411,107,455,140,406,117,832,267,1009,188,1080,217,1144,293,723,255,615,165,436,131
86000US11370,"11370",7550,591,348,162,306,140,369,228,196,117,411,151,200,108,163,69,281,140,254,111,695,262,908,237,855,306,890,278,407,133,650,145,617,152
86000US11371,"11371",0,12,0,12,0,12,0,12,0,12,0,12,0,12,0,12,0,12,0,12,0,12,0,12,0,12,0,12,0,12,0,12,0,12
86000US11372,"11372",23842,995,979,244,1280,349,1123,329,1223,299,986,319,1165,306,1232,297,1083,292,1015,299,1673,401,2622,616,3005,528,1859,397,1374,388,1625,300,1598,344
86000US11373,"11373",31255,1127,1449,273,1254,405,1443,472,1484,326,1525,318,2016,403,1234,261,1517,282,1816,610,2775,423,3389,443,4457,587,2655,391,1510,303,1527,270,1204,255
86000US11374,"11374",19044,792,1389,299,743,218,928,288,918,241,515,154,540,186,748,198,557,161,450,146,1163,228,1537,258,2326,393,2207,408,1461,310,2003,324,1559,386
86000US11375,"11375",32509,1090,1807,354,1029,235,1309,370,892,213,897,228,1052,395,619,152,1052,306,449,112,1949,462,2725,441,4193,473,3556,518,2452,315,3638,491,4890,558
86000US11377,"11377",31601,1020,1316,222,1308,391,1148,252,1771,396,1693,414,1496,289,1295,285,1333,281,1621,445,2847,447,3247,421,4446,511,2488,324,1639,349,2236,323,1717,311
86000US11378,"11378",12887,576,423,100,420,120,483,225,630,189,375,121,449,105,462,128,465,162,487,147,620,143,1109,213,1823,275,1285,201,1278,264,1418,251,1160,210
86000US11379,"11379",13561,639,542,163,338,101,405,203,462,134,394,93,422,119,295,96,560,179,458,163,834,210,1271,247,1488,238,1627,422,1252,204,1639,272,1574,297
86000US11385,"11385",35589,737,1434,310,1214,276,1185,319,1184,290,1224,188,1279,221,1041,166,1368,332,1094,249,2651,383,3639,456,5579,513,3887,424,3104,321,3325,412,2381,369
86000US11411,"11411",6183,313,161,61,190,72,106,51,80,43,215,162,169,68,110,74,181,99,145,66,310,87,415,113,818,125,840,156,681,144,850,129,912,135
86000US11412,"11412",11259,478,404,94,403,113,297,99,325,109,298,107,345,100,233,68,388,96,518,255,543,143,1105,211,1714,247,1448,198,925,182,1108,180,1205,184
86000US11413,"11413",12694,521,359,116,187,88,287,114,371,135,269,106,340,112,371,119,364,115,431,150,705,159,1218,224,2045,291,1762,294,1430,276,1333,232,1222,187
86000US11414,"11414",11058,661,856,367,567,285,322,179,226,151,281,129,305,129,379,153,449,274,430,164,813,248,850,254,1261,293,940,296,857,223,1044,276,1478,455
86000US11415,"11415",7849,399,373,142,295,120,344,115,311,124,163,70,261,140,190,78,327,133,286,159,328,115,1025,235,1111,236,604,148,593,142,731,147,907,162
86000US11416,"11416",7409,469,251,75,258,128,296,99,266,95,397,129,340,106,302,154,353,108,214,75,544,201,552,188,1069,213,905,208,608,167,600,126,454,115
86000US11417,"11417",8887,449,484,141,250,88,330,139,307,159,337,186,323,122,308,126,321,118,240,84,488,114,718,161,1432,296,943,152,784,180,839,169,783,151
86000US11418,"11418",11250,685,526,140,354,122,243,74,219,84,618,174,590,227,259,103,622,289,321,121,681,160,1262,266,1734,357,1094,250,831,218,776,145,1120,203
86000US11419,"11419",12497,646,529,247,307,99,397,114,481,188,239,85,691,249,592,195,386,124,177,75,866,202,1173,208,1993,275,1562,351,929,202,1253,236,922,141
86000US11420,"11420",13042,538,514,145,307,112,390,117,400,121,177,71,503,135,410,130,647,264,487,176,774,194,987,190,1992,335,1502,238,1094,202,1440,282,1418,385
86000US11421,"11421",11325,551,417,115,277,105,293,105,320,114,419,116,364,116,418,129,414,134,308,98,880,237,1360,268,1514,260,1304,189,933,186,1031,211,1073,297
86000US11422,"11422",9951,454,170,89,227,109,189,76,346,201,113,64,221,84,360,147,392,249,347,132,525,135,884,211,1679,282,1313,327,1126,248,1171,193,888,218
86000US11423,"11423",9838,590,691,306,238,132,381,132,307,119,336,135,463,227,450,152,374,158,275,97,751,188,1004,215,1565,310,787,179,758,170,724,188,734,177
86000US11424,"11424",0,12,0,12,0,12,0,12,0,12,0,12,0,12,0,12,0,12,0,12,0,12,0,12,0,12,0,12,0,12,0,12,0,12
86000US11426,"11426",6287,462,198,101,117,72,70,56,134,65,187,134,170,144,187,79,125,95,100,54,245,116,654,217,924,308,637,189,789,263,896,225,854,185
86000US11427,"11427",7745,390,232,69,216,107,171,78,212,133,238,112,231,102,208,81,381,200,247,112,541,180,771,196,1216,225,857,229,700,184,736,171,788,135
86000US11428,"11428",6121,585,198,83,251,182,177,72,215,79,253,91,270,98,67,38,436,421,225,87,482,200,378,150,929,198,515,126,449,117,709,172,567,150
86000US11429,"11429",8006,595,348,184,642,456,92,51,308,180,301,226,225,104,227,93,108,55,231,91,395,154,537,125,1177,212,1039,218,747,203,802,168,827,169
86000US11430,"11430",0,12,0,12,0,12,0,12,0,12,0,12,0,12,0,12,0,12,0,12,0,12,0,12,0,12,0,12,0,12,0,12,0,12
86000US11432,"11432",18790,744,830,187,666,161,647,146,812,230,805,182,709,183,997,213,827,211,841,196,1377,269,2030,532,2797,373,1686,335,1015,220,1323,240,1428,223
86000US11433,"11433",10655,504,712,166,576,155,352,117,534,214,482,179,420,151,593,177,482,211,400,130,595,135,1006,222,1423,327,912,194,628,168,997,230,543,172
86000US11434,"11434",21510,808,1408,427,818,211,805,250,818,209,1142,381,725,227,923,277,638,192,936,261,1547,393,2183,419,3164,574,2063,324,1468,329,1514,267,1358,293
86000US11435,"11435",19310,1016,1059,358,743,185,677,196,862,200,745,265,659,194,680,210,750,244,496,151,1463,272,2173,351,2519,331,2038,523,1530,526,1543,373,1373,316
86000US11436,"11436",5496,318,276,108,88,39,151,59,233,164,140,59,197,104,165,68,228,93,227,96,433,124,663,158,744,134,642,161,406,101,468,110,435,120
86000US11451,"11451",0,12,0,12,0,12,0,12,0,12,0,12,0,12,0,12,0,12,0,12,0,12,0,12,0,12,0,12,0,12,0,12,0,12
86000US11691,"11691",21163,951,2351,520,1482,334,732,187,820,319,1139,277,782,282,762,235,1025,324,891,304,1696,382,1974,473,1816,381,1891,332,979,320,1237,424,1586,437
86000US11692,"11692",7408,471,776,245,401,141,426,205,427,167,154,77,349,132,200,82,406,165,416,155,462,144,719,198,920,210,532,228,301,114,457,180,462,175
86000US11693,"11693",5210,506,485,282,228,104,225,98,402,199,343,173,296,146,268,173,170,71,103,59,243,147,529,164,467,148,477,259,201,80,431,160,342,119
86000US11694,"11694",8069,368,370,138,285,123,265,123,261,111,256,118,329,141,198,96,271,117,121,79,501,180,669,188,1069,231,781,179,615,221,969,219,1109,174
86000US11697,"11697",1295,222,19,19,0,12,39,32,42,27,9,14,25,24,20,29,39,44,58,58,103,61,43,38,171,58,139,71,70,41,292,177,226,73
